EveID,ID,EveMw,EveLat,EveLon,EveDep,EveRak,EveStr,EveDip,Filter
SL_0000,0,7.5,37.98,143.654,12.5066,90,188.36984,6.49198,0
SL_0001,1,7.5,37.98,143.404,15.12951,90,189.37044,7.35898,0
SL_0002,2,7.5,37.98,143.154,18.12436,90,190.14026,8.49224,1
SL_0003,3,7.5,37.98,142.904,21.59772,90,190.8213,9.85482,0
SL_0004,4,7.5,39.48,143.654,15.99193,90,192.27521,8.07919,0
SL_0005,5,7.5,39.48,143.404,19.18362,90,191.98065,9.28117,1
SL_0006,6,7.5,36.98,143.404,12.33868,90,197.74391,5.63724,0
SL_0007,7,7.5,36.98,143.154,14.58236,90,199.47595,6.58926,0
SL_0008,8,7.5,36.98,142.904,17.20033,90,200.51952,7.74941,1
SL_0009,9,7.5,36.73,141.404,39.90895,90,203.42113,15.2954,0
SL_0010,10,7.5,36.73,141.154,45.75829,90,202.5858,16.54513,0
SL_0011,11,7.5,36.98,141.654,37.32595,90,201.91039,14.35293,1
SL_0012,12,7.5,39.48,143.154,22.89113,90,191.6033,10.79911,0
SL_0013,13,7.5,36.98,141.404,42.84933,90,201.68098,15.64475,0
SL_0014,14,7.5,36.98,142.654,20.25537,90,201.21938,9.02333,1
SL_0015,15,7.5,36.98,142.404,23.7807,90,201.69,10.3504,0
SL_0016,16,7.5,36.98,142.154,27.79488,90,201.9552,11.69642,0
SL_0017,17,7.5,36.98,141.904,32.30835,90,202.02214,13.03644,1
SL_0018,18,7.5,37.23,142.904,18.46678,90,197.31573,8.30608,0
SL_0019,19,7.5,37.23,142.654,21.78456,90,198.12648,9.59717,0
SL_0020,20,7.5,37.23,142.404,25.58252,90,198.81155,10.92186,1
SL_0021,21,7.5,37.23,142.154,29.86913,90,199.35902,12.24784,0
SL_0022,22,7.5,37.23,143.404,13.13889,90,194.82007,6.13362,0
SL_0023,23,7.5,37.23,143.154,15.60463,90,196.30707,7.11495,1
SL_0024,24,7.5,37.48,143.654,11.5287,90,190.76457,5.7956,0
SL_0025,25,7.5,37.48,143.404,13.86652,90,192.4492,6.58439,0
SL_0026,26,7.5,37.23,141.904,34.64597,90,199.75964,13.55836,1
SL_0027,27,7.5,38.73,142.404,33.98584,90,189.96178,14.52971,0
SL_0028,28,7.5,37.23,141.654,39.91314,90,200.0256,14.85266,0
SL_0029,29,7.5,38.73,142.154,39.82344,90,190.58054,16.05916,1
SL_0030,30,7.5,36.23,141.904,23.61283,90,216.44456,12.4732,0
SL_0031,31,7.5,38.73,143.404,16.87871,90,188.90915,8.3313,0
SL_0032,32,7.5,36.23,141.654,28.00332,90,212.85225,14.31055,1
SL_0033,33,7.5,38.73,143.154,20.25377,90,189.03758,9.64729,0
SL_0034,34,7.5,36.23,141.404,33.19295,90,209.06851,15.7717,0
SL_0035,35,7.5,38.73,142.904,24.19268,90,189.18227,11.23501,1
SL_0036,36,7.5,36.23,141.154,38.97992,90,206.56699,16.64673,0
SL_0037,37,7.5,38.73,142.654,28.76707,90,189.48265,12.90377,0
SL_0038,38,7.5,38.98,143.654,14.52063,90,189.80875,7.59223,1
SL_0039,39,7.5,36.23,142.654,14.39241,90,220.90913,7.68065,0
SL_0040,40,7.5,38.98,143.404,17.54607,90,189.68239,8.63018,0
SL_0041,41,7.5,36.23,142.404,16.92656,90,219.77457,9.18738,1
SL_0042,42,7.5,38.98,143.154,21.03016,90,189.5778,10.01483,0
SL_0043,43,7.5,36.23,142.154,19.97425,90,218.59882,10.73467,0
SL_0044,44,7.5,38.98,142.904,25.10463,90,189.52193,11.66839,1
SL_0045,45,7.5,36.48,142.904,14.21931,90,211.85086,6.69474,0
SL_0046,46,7.5,36.48,142.654,16.66589,90,211.98065,8.03454,0
SL_0047,47,7.5,36.48,142.404,19.58317,90,211.63747,9.44352,1
SL_0048,48,7.5,38.98,143.904,11.86749,90,190.26591,6.58074,0
SL_0049,49,7.5,36.48,141.154,42.50613,90,204.24889,16.40569,0
SL_0050,50,7.5,38.98,142.654,29.84079,90,189.60849,13.3979,1
SL_0051,51,7.5,38.98,142.404,35.24661,90,189.85526,15.0744,0
SL_0052,52,7.5,36.48,142.154,23.00415,90,211.07396,10.89923,0
SL_0053,53,7.5,39.23,142.904,26.10401,90,190.20694,12.09726,1
SL_0054,54,7.5,36.48,141.904,26.97313,90,209.99481,12.42972,0
SL_0055,55,7.5,39.23,142.654,30.98945,90,190.0632,13.86281,0
SL_0056,56,7.5,36.48,141.654,31.55264,90,208.13445,13.95504,1
SL_0057,57,7.5,36.48,141.404,36.75438,90,205.95924,15.28855,0
SL_0058,58,7.5,36.73,142.404,21.81498,90,205.50771,9.825,0
SL_0059,59,7.5,36.73,142.154,25.54738,90,205.41687,11.21194,1
SL_0060,60,7.5,39.23,143.654,15.20375,90,191.11992,7.81747,0
SL_0061,61,7.5,36.73,141.904,29.79746,90,205.03935,12.61499,0
SL_0062,62,7.5,39.23,143.404,18.30636,90,190.75104,8.93537,1
SL_0063,63,7.5,36.73,141.654,34.58403,90,204.32413,13.9921,0
SL_0064,64,7.5,39.23,143.154,21.89818,90,190.45615,10.39307,0
SL_0065,65,7.5,36.73,143.154,13.458,90,203.76814,6.04266,1
SL_0066,66,7.5,36.73,142.904,15.80615,90,204.84091,7.19318,0
SL_0067,67,7.5,36.73,142.654,18.5773,90,205.35023,8.47453,0
SL_0068,68,7.5,38.23,143.904,10.55857,90,187.20044,5.81857,1
SL_0069,69,7.5,38.23,143.654,12.96246,90,187.91257,6.79505,0
SL_0070,70,7.5,38.23,143.404,15.70297,90,188.68845,7.70033,0
SL_0071,71,7.5,38.23,143.154,18.83642,90,189.25226,8.89437,1
SL_0072,72,7.5,38.23,141.904,42.72254,90,193.08182,16.13147,0
SL_0073,73,7.5,35.73,141.404,25.0004,90,210.51915,15.88557,0
SL_0074,74,7.5,38.23,142.904,22.47781,90,189.7717,10.33205,1
SL_0075,75,7.5,38.23,142.654,26.69008,90,190.41942,11.84666,0
SL_0076,76,7.5,38.23,142.404,31.4817,90,191.22147,13.33631,0
SL_0077,77,7.5,38.23,142.154,36.83411,90,192.1319,14.76275,1
SL_0078,78,7.5,38.48,143.154,19.53439,90,188.90605,9.27698,0
SL_0079,79,7.5,35.73,142.154,13.36892,90,222.86513,8.38274,0
SL_0080,80,7.5,38.48,142.904,23.33,90,189.24536,10.79117,1
SL_0081,81,7.5,35.73,141.904,16.17011,90,218.892,10.44769,0
SL_0082,82,7.5,38.48,142.654,27.72992,90,189.73546,12.38506,0
SL_0083,83,7.5,35.73,141.654,19.97923,90,213.77524,13.28816,1
SL_0084,84,7.5,38.48,142.404,32.74277,90,190.40248,13.94494,0
SL_0085,85,7.5,35.98,142.404,13.94424,90,225.78773,8.48895,0
SL_0086,86,7.5,38.48,143.904,10.92753,90,187.55067,6.08957,1
SL_0087,87,7.5,35.98,142.154,16.54967,90,223.92145,10.1046,0
SL_0088,88,7.5,38.48,143.654,13.42816,90,188.01225,7.08309,0
SL_0089,89,7.5,35.98,141.904,19.78842,90,220.58237,12.06462,1
SL_0090,90,7.5,38.48,143.404,16.27517,90,188.55072,8.02299,0
SL_0091,91,7.5,38.73,143.904,11.35112,90,188.64384,6.34788,0
SL_0092,92,7.5,38.73,143.654,13.93649,90,188.68253,7.35144,1
SL_0093,93,7.5,38.48,142.154,38.34625,90,191.20271,15.42502,0
SL_0094,94,7.5,38.48,141.904,44.50956,90,192.06665,16.82875,0
SL_0095,95,7.5,35.98,141.654,23.95176,90,215.46686,14.4092,1
SL_0096,96,7.5,37.48,142.154,31.79748,90,197.05742,12.83195,0
SL_0097,97,7.5,35.98,141.404,29.16111,90,210.98077,16.30293,0
SL_0098,98,7.5,37.48,141.904,36.84389,90,197.72076,14.13416,1
SL_0099,99,7.5,35.98,141.154,35.05637,90,208.76836,17.09272,0
SL_0100,100,7.5,37.48,141.654,42.37757,90,198.27534,15.42707,0
SL_0101,101,7.5,37.48,143.154,16.53069,90,193.68781,7.60664,1
SL_0102,102,7.5,37.48,142.904,19.61624,90,194.62158,8.84258,0
SL_0103,103,7.5,37.48,142.654,23.18052,90,195.47614,10.1673,0
SL_0104,104,7.5,37.48,142.404,27.24108,90,196.29845,11.50725,1
SL_0105,105,7.5,37.73,143.404,14.52523,90,190.62329,6.99047,0
SL_0106,106,7.5,37.73,143.154,17.36494,90,191.61717,8.06462,0
SL_0107,107,7.5,37.73,142.904,20.65378,90,192.43843,9.35848,1
SL_0108,108,7.5,37.73,142.654,24.44891,90,193.2755,10.73309,0
SL_0109,109,7.5,37.73,143.654,12.03462,90,189.32928,6.16461,0
SL_0110,110,7.5,37.98,143.904,10.2076,90,187.4767,5.54172,1
SL_0111,111,7.5,37.73,142.404,28.76287,90,194.16061,12.10688,0
SL_0112,112,7.5,37.73,142.154,33.58776,90,195.05258,13.44949,0
SL_0113,113,7.5,37.73,141.904,38.91112,90,195.90085,14.76125,1
SL_0114,114,7.5,37.73,141.654,44.72728,90,196.6666,16.06686,0
SL_0115,115,7.5,37.98,142.654,25.60862,90,191.58702,11.29414,0
SL_0116,116,7.5,37.98,142.404,30.1666,90,192.46379,12.71928,1
SL_0117,117,7.5,37.98,142.154,35.2578,90,193.40614,14.09737,0
SL_0118,118,7.5,37.98,141.904,40.86354,90,194.35144,15.4331,0
SL_0119,119,8,37.98,143.654,12.5066,90,188.36984,6.49198,1
SL_0120,120,8,37.98,143.404,15.12951,90,189.37044,7.35898,0
SL_0121,121,8,37.98,143.154,18.12436,90,190.14026,8.49224,0
SL_0122,122,8,37.98,142.904,21.59772,90,190.8213,9.85482,1
SL_0123,123,8,39.48,143.654,15.99193,90,192.27521,8.07919,0
SL_0124,124,8,39.48,143.404,19.18362,90,191.98065,9.28117,0
SL_0125,125,8,36.98,143.404,12.33868,90,197.74391,5.63724,1
SL_0126,126,8,36.98,143.154,14.58236,90,199.47595,6.58926,0
SL_0127,127,8,36.98,142.904,17.20033,90,200.51952,7.74941,0
SL_0128,128,8,36.73,141.404,39.90895,90,203.42113,15.2954,1
SL_0129,129,8,36.73,141.154,45.75829,90,202.5858,16.54513,0
SL_0130,130,8,36.98,141.654,37.32595,90,201.91039,14.35293,0
SL_0131,131,8,39.48,143.154,22.89113,90,191.6033,10.79911,1
SL_0132,132,8,36.98,141.404,42.84933,90,201.68098,15.64475,0
SL_0133,133,8,36.98,142.654,20.25537,90,201.21938,9.02333,0
SL_0134,134,8,36.98,142.404,23.7807,90,201.69,10.3504,1
SL_0135,135,8,36.98,142.154,27.79488,90,201.9552,11.69642,0
SL_0136,136,8,36.98,141.904,32.30835,90,202.02214,13.03644,0
SL_0137,137,8,37.23,142.904,18.46678,90,197.31573,8.30608,1
SL_0138,138,8,37.23,142.654,21.78456,90,198.12648,9.59717,0
SL_0139,139,8,37.23,142.404,25.58252,90,198.81155,10.92186,0
SL_0140,140,8,37.23,142.154,29.86913,90,199.35902,12.24784,1
SL_0141,141,8,37.23,143.404,13.13889,90,194.82007,6.13362,0
SL_0142,142,8,37.23,143.154,15.60463,90,196.30707,7.11495,0
SL_0143,143,8,37.48,143.654,11.5287,90,190.76457,5.7956,1
SL_0144,144,8,37.48,143.404,13.86652,90,192.4492,6.58439,0
SL_0145,145,8,37.23,141.904,34.64597,90,199.75964,13.55836,0
SL_0146,146,8,38.73,142.404,33.98584,90,189.96178,14.52971,1
SL_0147,147,8,37.23,141.654,39.91314,90,200.0256,14.85266,0
SL_0148,148,8,38.73,142.154,39.82344,90,190.58054,16.05916,0
SL_0149,149,8,36.23,141.904,23.61283,90,216.44456,12.4732,1
SL_0150,150,8,38.73,143.404,16.87871,90,188.90915,8.3313,0
SL_0151,151,8,36.23,141.654,28.00332,90,212.85225,14.31055,0
SL_0152,152,8,38.73,143.154,20.25377,90,189.03758,9.64729,1
SL_0153,153,8,36.23,141.404,33.19295,90,209.06851,15.7717,0
SL_0154,154,8,38.73,142.904,24.19268,90,189.18227,11.23501,0
SL_0155,155,8,36.23,141.154,38.97992,90,206.56699,16.64673,1
SL_0156,156,8,38.73,142.654,28.76707,90,189.48265,12.90377,0
SL_0157,157,8,38.98,143.654,14.52063,90,189.80875,7.59223,0
SL_0158,158,8,36.23,142.654,14.39241,90,220.90913,7.68065,1
SL_0159,159,8,38.98,143.404,17.54607,90,189.68239,8.63018,0
SL_0160,160,8,36.23,142.404,16.92656,90,219.77457,9.18738,0
SL_0161,161,8,38.98,143.154,21.03016,90,189.5778,10.01483,1
SL_0162,162,8,36.23,142.154,19.97425,90,218.59882,10.73467,0
SL_0163,163,8,38.98,142.904,25.10463,90,189.52193,11.66839,0
SL_0164,164,8,36.48,142.904,14.21931,90,211.85086,6.69474,1
SL_0165,165,8,36.48,142.654,16.66589,90,211.98065,8.03454,0
SL_0166,166,8,36.48,142.404,19.58317,90,211.63747,9.44352,0
SL_0167,167,8,38.98,143.904,11.86749,90,190.26591,6.58074,1
SL_0168,168,8,36.48,141.154,42.50613,90,204.24889,16.40569,0
SL_0169,169,8,38.98,142.654,29.84079,90,189.60849,13.3979,0
SL_0170,170,8,38.98,142.404,35.24661,90,189.85526,15.0744,1
SL_0171,171,8,36.48,142.154,23.00415,90,211.07396,10.89923,0
SL_0172,172,8,39.23,142.904,26.10401,90,190.20694,12.09726,0
SL_0173,173,8,36.48,141.904,26.97313,90,209.99481,12.42972,1
SL_0174,174,8,39.23,142.654,30.98945,90,190.0632,13.86281,0
SL_0175,175,8,36.48,141.654,31.55264,90,208.13445,13.95504,0
SL_0176,176,8,36.48,141.404,36.75438,90,205.95924,15.28855,1
SL_0177,177,8,36.73,142.404,21.81498,90,205.50771,9.825,0
SL_0178,178,8,36.73,142.154,25.54738,90,205.41687,11.21194,0
SL_0179,179,8,39.23,143.654,15.20375,90,191.11992,7.81747,1
SL_0180,180,8,36.73,141.904,29.79746,90,205.03935,12.61499,0
SL_0181,181,8,39.23,143.404,18.30636,90,190.75104,8.93537,0
SL_0182,182,8,36.73,141.654,34.58403,90,204.32413,13.9921,1
SL_0183,183,8,39.23,143.154,21.89818,90,190.45615,10.39307,0
SL_0184,184,8,36.73,143.154,13.458,90,203.76814,6.04266,0
SL_0185,185,8,36.73,142.904,15.80615,90,204.84091,7.19318,1
SL_0186,186,8,36.73,142.654,18.5773,90,205.35023,8.47453,0
SL_0187,187,8,38.23,143.904,10.55857,90,187.20044,5.81857,0
SL_0188,188,8,38.23,143.654,12.96246,90,187.91257,6.79505,1
SL_0189,189,8,38.23,143.404,15.70297,90,188.68845,7.70033,0
SL_0190,190,8,38.23,143.154,18.83642,90,189.25226,8.89437,0
SL_0191,191,8,38.23,141.904,42.72254,90,193.08182,16.13147,1
SL_0192,192,8,35.73,141.404,25.0004,90,210.51915,15.88557,0
SL_0193,193,8,38.23,142.904,22.47781,90,189.7717,10.33205,0
SL_0194,194,8,38.23,142.654,26.69008,90,190.41942,11.84666,1
SL_0195,195,8,38.23,142.404,31.4817,90,191.22147,13.33631,0
SL_0196,196,8,38.23,142.154,36.83411,90,192.1319,14.76275,0
SL_0197,197,8,38.48,143.154,19.53439,90,188.90605,9.27698,1
SL_0198,198,8,35.73,142.154,13.36892,90,222.86513,8.38274,0
SL_0199,199,8,38.48,142.904,23.33,90,189.24536,10.79117,0
SL_0200,200,8,35.73,141.904,16.17011,90,218.892,10.44769,1
SL_0201,201,8,38.48,142.654,27.72992,90,189.73546,12.38506,0
SL_0202,202,8,35.73,141.654,19.97923,90,213.77524,13.28816,0
SL_0203,203,8,38.48,142.404,32.74277,90,190.40248,13.94494,1
SL_0204,204,8,35.98,142.404,13.94424,90,225.78773,8.48895,0
SL_0205,205,8,38.48,143.904,10.92753,90,187.55067,6.08957,0
SL_0206,206,8,35.98,142.154,16.54967,90,223.92145,10.1046,1
SL_0207,207,8,38.48,143.654,13.42816,90,188.01225,7.08309,0
SL_0208,208,8,35.98,141.904,19.78842,90,220.58237,12.06462,0
SL_0209,209,8,38.48,143.404,16.27517,90,188.55072,8.02299,1
SL_0210,210,8,38.73,143.904,11.35112,90,188.64384,6.34788,0
SL_0211,211,8,38.73,143.654,13.93649,90,188.68253,7.35144,0
SL_0212,212,8,38.48,142.154,38.34625,90,191.20271,15.42502,1
SL_0213,213,8,38.48,141.904,44.50956,90,192.06665,16.82875,0
SL_0214,214,8,35.98,141.654,23.95176,90,215.46686,14.4092,0
SL_0215,215,8,37.48,142.154,31.79748,90,197.05742,12.83195,1
SL_0216,216,8,35.98,141.404,29.16111,90,210.98077,16.30293,0
SL_0217,217,8,37.48,141.904,36.84389,90,197.72076,14.13416,0
SL_0218,218,8,35.98,141.154,35.05637,90,208.76836,17.09272,1
SL_0219,219,8,37.48,141.654,42.37757,90,198.27534,15.42707,0
SL_0220,220,8,37.48,143.154,16.53069,90,193.68781,7.60664,0
SL_0221,221,8,37.48,142.904,19.61624,90,194.62158,8.84258,1
SL_0222,222,8,37.48,142.654,23.18052,90,195.47614,10.1673,0
SL_0223,223,8,37.48,142.404,27.24108,90,196.29845,11.50725,0
SL_0224,224,8,37.73,143.404,14.52523,90,190.62329,6.99047,1
SL_0225,225,8,37.73,143.154,17.36494,90,191.61717,8.06462,0
SL_0226,226,8,37.73,142.904,20.65378,90,192.43843,9.35848,0
SL_0227,227,8,37.73,142.654,24.44891,90,193.2755,10.73309,1
SL_0228,228,8,37.73,143.654,12.03462,90,189.32928,6.16461,0
SL_0229,229,8,37.98,143.904,10.2076,90,187.4767,5.54172,0
SL_0230,230,8,37.73,142.404,28.76287,90,194.16061,12.10688,1
SL_0231,231,8,37.73,142.154,33.58776,90,195.05258,13.44949,0
SL_0232,232,8,37.73,141.904,38.91112,90,195.90085,14.76125,0
SL_0233,233,8,37.73,141.654,44.72728,90,196.6666,16.06686,1
SL_0234,234,8,37.98,142.654,25.60862,90,191.58702,11.29414,0
SL_0235,235,8,37.98,142.404,30.1666,90,192.46379,12.71928,0
SL_0236,236,8,37.98,142.154,35.2578,90,193.40614,14.09737,0
SL_0237,237,8,37.98,141.904,40.86354,90,194.35144,15.4331,1
SL_0238,238,8.5,37.98,143.654,12.5066,90,188.36984,6.49198,1
SL_0239,239,8.5,37.98,143.404,15.12951,90,189.37044,7.35898,0
SL_0240,240,8.5,37.98,143.154,18.12436,90,190.14026,8.49224,1
SL_0241,241,8.5,37.98,142.904,21.59772,90,190.8213,9.85482,0
SL_0242,242,8.5,39.48,143.654,15.99193,90,192.27521,8.07919,1
SL_0243,243,8.5,39.48,143.404,19.18362,90,191.98065,9.28117,0
SL_0244,244,8.5,36.98,143.404,12.33868,90,197.74391,5.63724,0
SL_0245,245,8.5,36.98,143.154,14.58236,90,199.47595,6.58926,1
SL_0246,246,8.5,36.98,142.904,17.20033,90,200.51952,7.74941,0
SL_0247,247,8.5,36.73,141.404,39.90895,90,203.42113,15.2954,1
SL_0248,248,8.5,36.73,141.154,45.75829,90,202.5858,16.54513,0
SL_0249,249,8.5,36.98,141.654,37.32595,90,201.91039,14.35293,1
SL_0250,250,8.5,39.48,143.154,22.89113,90,191.6033,10.79911,0
SL_0251,251,8.5,36.98,141.404,42.84933,90,201.68098,15.64475,1
SL_0252,252,8.5,36.98,142.654,20.25537,90,201.21938,9.02333,0
SL_0253,253,8.5,36.98,142.404,23.7807,90,201.69,10.3504,1
SL_0254,254,8.5,36.98,142.154,27.79488,90,201.9552,11.69642,0
SL_0255,255,8.5,36.98,141.904,32.30835,90,202.02214,13.03644,1
SL_0256,256,8.5,37.23,142.904,18.46678,90,197.31573,8.30608,0
SL_0257,257,8.5,37.23,142.654,21.78456,90,198.12648,9.59717,1
SL_0258,258,8.5,37.23,142.404,25.58252,90,198.81155,10.92186,0
SL_0259,259,8.5,37.23,142.154,29.86913,90,199.35902,12.24784,0
SL_0260,260,8.5,37.23,143.404,13.13889,90,194.82007,6.13362,1
SL_0261,261,8.5,37.23,143.154,15.60463,90,196.30707,7.11495,0
SL_0262,262,8.5,37.48,143.654,11.5287,90,190.76457,5.7956,1
SL_0263,263,8.5,37.48,143.404,13.86652,90,192.4492,6.58439,0
SL_0264,264,8.5,37.23,141.904,34.64597,90,199.75964,13.55836,1
SL_0265,265,8.5,38.73,142.404,33.98584,90,189.96178,14.52971,0
SL_0266,266,8.5,37.23,141.654,39.91314,90,200.0256,14.85266,1
SL_0267,267,8.5,38.73,142.154,39.82344,90,190.58054,16.05916,0
SL_0268,268,8.5,36.23,141.904,23.61283,90,216.44456,12.4732,1
SL_0269,269,8.5,38.73,143.404,16.87871,90,188.90915,8.3313,0
SL_0270,270,8.5,36.23,141.654,28.00332,90,212.85225,14.31055,1
SL_0271,271,8.5,38.73,143.154,20.25377,90,189.03758,9.64729,0
SL_0272,272,8.5,36.23,141.404,33.19295,90,209.06851,15.7717,1
SL_0273,273,8.5,38.73,142.904,24.19268,90,189.18227,11.23501,0
SL_0274,274,8.5,36.23,141.154,38.97992,90,206.56699,16.64673,1
SL_0275,275,8.5,38.73,142.654,28.76707,90,189.48265,12.90377,0
SL_0276,276,8.5,38.98,143.654,14.52063,90,189.80875,7.59223,1
SL_0277,277,8.5,36.23,142.654,14.39241,90,220.90913,7.68065,0
SL_0278,278,8.5,38.98,143.404,17.54607,90,189.68239,8.63018,1
SL_0279,279,8.5,36.23,142.404,16.92656,90,219.77457,9.18738,0
SL_0280,280,8.5,38.98,143.154,21.03016,90,189.5778,10.01483,1
SL_0281,281,8.5,36.23,142.154,19.97425,90,218.59882,10.73467,0
SL_0282,282,8.5,38.98,142.904,25.10463,90,189.52193,11.66839,1
SL_0283,283,8.5,36.48,142.904,14.21931,90,211.85086,6.69474,0
SL_0284,284,8.5,36.48,142.654,16.66589,90,211.98065,8.03454,1
SL_0285,285,8.5,36.48,142.404,19.58317,90,211.63747,9.44352,0
SL_0286,286,8.5,38.98,143.904,11.86749,90,190.26591,6.58074,1
SL_0287,287,8.5,36.48,141.154,42.50613,90,204.24889,16.40569,0
SL_0288,288,8.5,38.98,142.654,29.84079,90,189.60849,13.3979,1
SL_0289,289,8.5,38.98,142.404,35.24661,90,189.85526,15.0744,0
SL_0290,290,8.5,36.48,142.154,23.00415,90,211.07396,10.89923,1
SL_0291,291,8.5,39.23,142.904,26.10401,90,190.20694,12.09726,0
SL_0292,292,8.5,36.48,141.904,26.97313,90,209.99481,12.42972,1
SL_0293,293,8.5,39.23,142.654,30.98945,90,190.0632,13.86281,0
SL_0294,294,8.5,36.48,141.654,31.55264,90,208.13445,13.95504,1
SL_0295,295,8.5,36.48,141.404,36.75438,90,205.95924,15.28855,0
SL_0296,296,8.5,36.73,142.404,21.81498,90,205.50771,9.825,0
SL_0297,297,8.5,36.73,142.154,25.54738,90,205.41687,11.21194,1
SL_0298,298,8.5,39.23,143.654,15.20375,90,191.11992,7.81747,0
SL_0299,299,8.5,36.73,141.904,29.79746,90,205.03935,12.61499,1
SL_0300,300,8.5,39.23,143.404,18.30636,90,190.75104,8.93537,0
SL_0301,301,8.5,36.73,141.654,34.58403,90,204.32413,13.9921,1
SL_0302,302,8.5,39.23,143.154,21.89818,90,190.45615,10.39307,0
SL_0303,303,8.5,36.73,143.154,13.458,90,203.76814,6.04266,1
SL_0304,304,8.5,36.73,142.904,15.80615,90,204.84091,7.19318,0
SL_0305,305,8.5,36.73,142.654,18.5773,90,205.35023,8.47453,1
SL_0306,306,8.5,38.23,143.904,10.55857,90,187.20044,5.81857,0
SL_0307,307,8.5,38.23,143.654,12.96246,90,187.91257,6.79505,1
SL_0308,308,8.5,38.23,143.404,15.70297,90,188.68845,7.70033,0
SL_0309,309,8.5,38.23,143.154,18.83642,90,189.25226,8.89437,1
SL_0310,310,8.5,38.23,141.904,42.72254,90,193.08182,16.13147,0
SL_0311,311,8.5,35.73,141.404,25.0004,90,210.51915,15.88557,0
SL_0312,312,8.5,38.23,142.904,22.47781,90,189.7717,10.33205,1
SL_0313,313,8.5,38.23,142.654,26.69008,90,190.41942,11.84666,0
SL_0314,314,8.5,38.23,142.404,31.4817,90,191.22147,13.33631,1
SL_0315,315,8.5,38.23,142.154,36.83411,90,192.1319,14.76275,0
SL_0316,316,8.5,38.48,143.154,19.53439,90,188.90605,9.27698,1
SL_0317,317,8.5,35.73,142.154,13.36892,90,222.86513,8.38274,0
SL_0318,318,8.5,38.48,142.904,23.33,90,189.24536,10.79117,1
SL_0319,319,8.5,35.73,141.904,16.17011,90,218.892,10.44769,0
SL_0320,320,8.5,38.48,142.654,27.72992,90,189.73546,12.38506,1
SL_0321,321,8.5,35.73,141.654,19.97923,90,213.77524,13.28816,0
SL_0322,322,8.5,38.48,142.404,32.74277,90,190.40248,13.94494,1
SL_0323,323,8.5,35.98,142.404,13.94424,90,225.78773,8.48895,0
SL_0324,324,8.5,38.48,143.904,10.92753,90,187.55067,6.08957,1
SL_0325,325,8.5,35.98,142.154,16.54967,90,223.92145,10.1046,0
SL_0326,326,8.5,38.48,143.654,13.42816,90,188.01225,7.08309,1
SL_0327,327,8.5,35.98,141.904,19.78842,90,220.58237,12.06462,0
SL_0328,328,8.5,38.48,143.404,16.27517,90,188.55072,8.02299,1
SL_0329,329,8.5,38.73,143.904,11.35112,90,188.64384,6.34788,0
SL_0330,330,8.5,38.73,143.654,13.93649,90,188.68253,7.35144,1
SL_0331,331,8.5,38.48,142.154,38.34625,90,191.20271,15.42502,0
SL_0332,332,8.5,38.48,141.904,44.50956,90,192.06665,16.82875,1
SL_0333,333,8.5,35.98,141.654,23.95176,90,215.46686,14.4092,0
SL_0334,334,8.5,37.48,142.154,31.79748,90,197.05742,12.83195,1
SL_0335,335,8.5,35.98,141.404,29.16111,90,210.98077,16.30293,0
SL_0336,336,8.5,37.48,141.904,36.84389,90,197.72076,14.13416,1
SL_0337,337,8.5,35.98,141.154,35.05637,90,208.76836,17.09272,0
SL_0338,338,8.5,37.48,141.654,42.37757,90,198.27534,15.42707,1
SL_0339,339,8.5,37.48,143.154,16.53069,90,193.68781,7.60664,0
SL_0340,340,8.5,37.48,142.904,19.61624,90,194.62158,8.84258,1
SL_0341,341,8.5,37.48,142.654,23.18052,90,195.47614,10.1673,0
SL_0342,342,8.5,37.48,142.404,27.24108,90,196.29845,11.50725,1
SL_0343,343,8.5,37.73,143.404,14.52523,90,190.62329,6.99047,0
SL_0344,344,8.5,37.73,143.154,17.36494,90,191.61717,8.06462,1
SL_0345,345,8.5,37.73,142.904,20.65378,90,192.43843,9.35848,0
SL_0346,346,8.5,37.73,142.654,24.44891,90,193.2755,10.73309,1
SL_0347,347,8.5,37.73,143.654,12.03462,90,189.32928,6.16461,0
SL_0348,348,8.5,37.98,143.904,10.2076,90,187.4767,5.54172,1
SL_0349,349,8.5,37.73,142.404,28.76287,90,194.16061,12.10688,0
SL_0350,350,8.5,37.73,142.154,33.58776,90,195.05258,13.44949,1
SL_0351,351,8.5,37.73,141.904,38.91112,90,195.90085,14.76125,0
SL_0352,352,8.5,37.73,141.654,44.72728,90,196.6666,16.06686,1
SL_0353,353,8.5,37.98,142.654,25.60862,90,191.58702,11.29414,0
SL_0354,354,8.5,37.98,142.404,30.1666,90,192.46379,12.71928,1
SL_0355,355,8.5,37.98,142.154,35.2578,90,193.40614,14.09737,0
SL_0356,356,8.5,37.98,141.904,40.86354,90,194.35144,15.4331,1
SL_0357,357,9,37.98,143.654,12.5066,90,188.36984,6.49198,1
SL_0358,358,9,37.98,143.404,15.12951,90,189.37044,7.35898,0
SL_0359,359,9,37.98,143.154,18.12436,90,190.14026,8.49224,0
SL_0360,360,9,37.98,142.904,21.59772,90,190.8213,9.85482,0
SL_0361,361,9,39.48,143.654,15.99193,90,192.27521,8.07919,0
SL_0362,362,9,39.48,143.404,19.18362,90,191.98065,9.28117,0
SL_0363,363,9,36.98,143.404,12.33868,90,197.74391,5.63724,1
SL_0364,364,9,36.98,143.154,14.58236,90,199.47595,6.58926,1
SL_0365,365,9,36.98,142.904,17.20033,90,200.51952,7.74941,0
SL_0366,366,9,36.73,141.404,39.90895,90,203.42113,15.2954,0
SL_0367,367,9,36.73,141.154,45.75829,90,202.5858,16.54513,0
SL_0368,368,9,36.98,141.654,37.32595,90,201.91039,14.35293,0
SL_0369,369,9,39.48,143.154,22.89113,90,191.6033,10.79911,0
SL_0370,370,9,36.98,141.404,42.84933,90,201.68098,15.64475,0
SL_0371,371,9,36.98,142.654,20.25537,90,201.21938,9.02333,0
SL_0372,372,9,36.98,142.404,23.7807,90,201.69,10.3504,0
SL_0373,373,9,36.98,142.154,27.79488,90,201.9552,11.69642,0
SL_0374,374,9,36.98,141.904,32.30835,90,202.02214,13.03644,0
SL_0375,375,9,37.23,142.904,18.46678,90,197.31573,8.30608,0
SL_0376,376,9,37.23,142.654,21.78456,90,198.12648,9.59717,0
SL_0377,377,9,37.23,142.404,25.58252,90,198.81155,10.92186,0
SL_0378,378,9,37.23,142.154,29.86913,90,199.35902,12.24784,0
SL_0379,379,9,37.23,143.404,13.13889,90,194.82007,6.13362,1
SL_0380,380,9,37.23,143.154,15.60463,90,196.30707,7.11495,0
SL_0381,381,9,37.48,143.654,11.5287,90,190.76457,5.7956,1
SL_0382,382,9,37.48,143.404,13.86652,90,192.4492,6.58439,1
SL_0383,383,9,37.23,141.904,34.64597,90,199.75964,13.55836,0
SL_0384,384,9,38.73,142.404,33.98584,90,189.96178,14.52971,0
SL_0385,385,9,37.23,141.654,39.91314,90,200.0256,14.85266,0
SL_0386,386,9,38.73,142.154,39.82344,90,190.58054,16.05916,0
SL_0387,387,9,36.23,141.904,23.61283,90,216.44456,12.4732,0
SL_0388,388,9,38.73,143.404,16.87871,90,188.90915,8.3313,0
SL_0389,389,9,36.23,141.654,28.00332,90,212.85225,14.31055,0
SL_0390,390,9,38.73,143.154,20.25377,90,189.03758,9.64729,0
SL_0391,391,9,36.23,141.404,33.19295,90,209.06851,15.7717,0
SL_0392,392,9,38.73,142.904,24.19268,90,189.18227,11.23501,0
SL_0393,393,9,36.23,141.154,38.97992,90,206.56699,16.64673,0
SL_0394,394,9,38.73,142.654,28.76707,90,189.48265,12.90377,0
SL_0395,395,9,38.98,143.654,14.52063,90,189.80875,7.59223,1
SL_0396,396,9,36.23,142.654,14.39241,90,220.90913,7.68065,1
SL_0397,397,9,38.98,143.404,17.54607,90,189.68239,8.63018,0
SL_0398,398,9,36.23,142.404,16.92656,90,219.77457,9.18738,1
SL_0399,399,9,38.98,143.154,21.03016,90,189.5778,10.01483,0
SL_0400,400,9,36.23,142.154,19.97425,90,218.59882,10.73467,0
SL_0401,401,9,38.98,142.904,25.10463,90,189.52193,11.66839,0
SL_0402,402,9,36.48,142.904,14.21931,90,211.85086,6.69474,1
SL_0403,403,9,36.48,142.654,16.66589,90,211.98065,8.03454,1
SL_0404,404,9,36.48,142.404,19.58317,90,211.63747,9.44352,0
SL_0405,405,9,38.98,143.904,11.86749,90,190.26591,6.58074,1
SL_0406,406,9,36.48,141.154,42.50613,90,204.24889,16.40569,0
SL_0407,407,9,38.98,142.654,29.84079,90,189.60849,13.3979,0
SL_0408,408,9,38.98,142.404,35.24661,90,189.85526,15.0744,0
SL_0409,409,9,36.48,142.154,23.00415,90,211.07396,10.89923,0
SL_0410,410,9,39.23,142.904,26.10401,90,190.20694,12.09726,0
SL_0411,411,9,36.48,141.904,26.97313,90,209.99481,12.42972,0
SL_0412,412,9,39.23,142.654,30.98945,90,190.0632,13.86281,0
SL_0413,413,9,36.48,141.654,31.55264,90,208.13445,13.95504,0
SL_0414,414,9,36.48,141.404,36.75438,90,205.95924,15.28855,0
SL_0415,415,9,36.73,142.404,21.81498,90,205.50771,9.825,0
SL_0416,416,9,36.73,142.154,25.54738,90,205.41687,11.21194,0
SL_0417,417,9,39.23,143.654,15.20375,90,191.11992,7.81747,0
SL_0418,418,9,36.73,141.904,29.79746,90,205.03935,12.61499,0
SL_0419,419,9,39.23,143.404,18.30636,90,190.75104,8.93537,0
SL_0420,420,9,36.73,141.654,34.58403,90,204.32413,13.9921,0
SL_0421,421,9,39.23,143.154,21.89818,90,190.45615,10.39307,0
SL_0422,422,9,36.73,143.154,13.458,90,203.76814,6.04266,1
SL_0423,423,9,36.73,142.904,15.80615,90,204.84091,7.19318,1
SL_0424,424,9,36.73,142.654,18.5773,90,205.35023,8.47453,0
SL_0425,425,9,38.23,143.904,10.55857,90,187.20044,5.81857,1
SL_0426,426,9,38.23,143.654,12.96246,90,187.91257,6.79505,1
SL_0427,427,9,38.23,143.404,15.70297,90,188.68845,7.70033,0
SL_0428,428,9,38.23,143.154,18.83642,90,189.25226,8.89437,0
SL_0429,429,9,38.23,141.904,42.72254,90,193.08182,16.13147,0
SL_0430,430,9,35.73,141.404,25.0004,90,210.51915,15.88557,0
SL_0431,431,9,38.23,142.904,22.47781,90,189.7717,10.33205,0
SL_0432,432,9,38.23,142.654,26.69008,90,190.41942,11.84666,0
SL_0433,433,9,38.23,142.404,31.4817,90,191.22147,13.33631,0
SL_0434,434,9,38.23,142.154,36.83411,90,192.1319,14.76275,0
SL_0435,435,9,38.48,143.154,19.53439,90,188.90605,9.27698,0
SL_0436,436,9,35.73,142.154,13.36892,90,222.86513,8.38274,1
SL_0437,437,9,38.48,142.904,23.33,90,189.24536,10.79117,0
SL_0438,438,9,35.73,141.904,16.17011,90,218.892,10.44769,0
SL_0439,439,9,38.48,142.654,27.72992,90,189.73546,12.38506,0
SL_0440,440,9,35.73,141.654,19.97923,90,213.77524,13.28816,0
SL_0441,441,9,38.48,142.404,32.74277,90,190.40248,13.94494,0
SL_0442,442,9,35.98,142.404,13.94424,90,225.78773,8.48895,1
SL_0443,443,9,38.48,143.904,10.92753,90,187.55067,6.08957,1
SL_0444,444,9,35.98,142.154,16.54967,90,223.92145,10.1046,1
SL_0445,445,9,38.48,143.654,13.42816,90,188.01225,7.08309,1
SL_0446,446,9,35.98,141.904,19.78842,90,220.58237,12.06462,0
SL_0447,447,9,38.48,143.404,16.27517,90,188.55072,8.02299,0
SL_0448,448,9,38.73,143.904,11.35112,90,188.64384,6.34788,1
SL_0449,449,9,38.73,143.654,13.93649,90,188.68253,7.35144,1
SL_0450,450,9,38.48,142.154,38.34625,90,191.20271,15.42502,0
SL_0451,451,9,38.48,141.904,44.50956,90,192.06665,16.82875,0
SL_0452,452,9,35.98,141.654,23.95176,90,215.46686,14.4092,0
SL_0453,453,9,37.48,142.154,31.79748,90,197.05742,12.83195,0
SL_0454,454,9,35.98,141.404,29.16111,90,210.98077,16.30293,0
SL_0455,455,9,37.48,141.904,36.84389,90,197.72076,14.13416,0
SL_0456,456,9,35.98,141.154,35.05637,90,208.76836,17.09272,0
SL_0457,457,9,37.48,141.654,42.37757,90,198.27534,15.42707,0
SL_0458,458,9,37.48,143.154,16.53069,90,193.68781,7.60664,0
SL_0459,459,9,37.48,142.904,19.61624,90,194.62158,8.84258,0
SL_0460,460,9,37.48,142.654,23.18052,90,195.47614,10.1673,0
SL_0461,461,9,37.48,142.404,27.24108,90,196.29845,11.50725,0
SL_0462,462,9,37.73,143.404,14.52523,90,190.62329,6.99047,1
SL_0463,463,9,37.73,143.154,17.36494,90,191.61717,8.06462,0
SL_0464,464,9,37.73,142.904,20.65378,90,192.43843,9.35848,0
SL_0465,465,9,37.73,142.654,24.44891,90,193.2755,10.73309,0
SL_0466,466,9,37.73,143.654,12.03462,90,189.32928,6.16461,1
SL_0467,467,9,37.98,143.904,10.2076,90,187.4767,5.54172,1
SL_0468,468,9,37.73,142.404,28.76287,90,194.16061,12.10688,0
SL_0469,469,9,37.73,142.154,33.58776,90,195.05258,13.44949,0
SL_0470,470,9,37.73,141.904,38.91112,90,195.90085,14.76125,0
SL_0471,471,9,37.73,141.654,44.72728,90,196.6666,16.06686,0
SL_0472,472,9,37.98,142.654,25.60862,90,191.58702,11.29414,0
SL_0473,473,9,37.98,142.404,30.1666,90,192.46379,12.71928,0
SL_0474,474,9,37.98,142.154,35.2578,90,193.40614,14.09737,0
SL_0475,475,9,37.98,141.904,40.86354,90,194.35144,15.4331,0
SL_0476,476,9.5,37.98,143.654,12.5066,90,188.36984,6.49198,0
SL_0477,477,9.5,37.98,143.404,15.12951,90,189.37044,7.35898,0
SL_0478,478,9.5,37.98,143.154,18.12436,90,190.14026,8.49224,0
SL_0479,479,9.5,37.98,142.904,21.59772,90,190.8213,9.85482,0
SL_0480,480,9.5,39.48,143.654,15.99193,90,192.27521,8.07919,0
SL_0481,481,9.5,39.48,143.404,19.18362,90,191.98065,9.28117,0
SL_0482,482,9.5,36.98,143.404,12.33868,90,197.74391,5.63724,0
SL_0483,483,9.5,36.98,143.154,14.58236,90,199.47595,6.58926,0
SL_0484,484,9.5,36.98,142.904,17.20033,90,200.51952,7.74941,0
SL_0485,485,9.5,36.73,141.404,39.90895,90,203.42113,15.2954,0
SL_0486,486,9.5,36.73,141.154,45.75829,90,202.5858,16.54513,0
SL_0487,487,9.5,36.98,141.654,37.32595,90,201.91039,14.35293,0
SL_0488,488,9.5,39.48,143.154,22.89113,90,191.6033,10.79911,0
SL_0489,489,9.5,36.98,141.404,42.84933,90,201.68098,15.64475,0
SL_0490,490,9.5,36.98,142.654,20.25537,90,201.21938,9.02333,0
SL_0491,491,9.5,36.98,142.404,23.7807,90,201.69,10.3504,0
SL_0492,492,9.5,36.98,142.154,27.79488,90,201.9552,11.69642,0
SL_0493,493,9.5,36.98,141.904,32.30835,90,202.02214,13.03644,0
SL_0494,494,9.5,37.23,142.904,18.46678,90,197.31573,8.30608,0
SL_0495,495,9.5,37.23,142.654,21.78456,90,198.12648,9.59717,0
SL_0496,496,9.5,37.23,142.404,25.58252,90,198.81155,10.92186,0
SL_0497,497,9.5,37.23,142.154,29.86913,90,199.35902,12.24784,0
SL_0498,498,9.5,37.23,143.404,13.13889,90,194.82007,6.13362,0
SL_0499,499,9.5,37.23,143.154,15.60463,90,196.30707,7.11495,0
SL_0500,500,9.5,37.48,143.654,11.5287,90,190.76457,5.7956,0
SL_0501,501,9.5,37.48,143.404,13.86652,90,192.4492,6.58439,0
SL_0502,502,9.5,37.23,141.904,34.64597,90,199.75964,13.55836,0
SL_0503,503,9.5,38.73,142.404,33.98584,90,189.96178,14.52971,0
SL_0504,504,9.5,37.23,141.654,39.91314,90,200.0256,14.85266,0
SL_0505,505,9.5,38.73,142.154,39.82344,90,190.58054,16.05916,0
SL_0506,506,9.5,36.23,141.904,23.61283,90,216.44456,12.4732,0
SL_0507,507,9.5,38.73,143.404,16.87871,90,188.90915,8.3313,0
SL_0508,508,9.5,36.23,141.654,28.00332,90,212.85225,14.31055,0
SL_0509,509,9.5,38.73,143.154,20.25377,90,189.03758,9.64729,0
SL_0510,510,9.5,36.23,141.404,33.19295,90,209.06851,15.7717,0
SL_0511,511,9.5,38.73,142.904,24.19268,90,189.18227,11.23501,0
SL_0512,512,9.5,36.23,141.154,38.97992,90,206.56699,16.64673,0
SL_0513,513,9.5,38.73,142.654,28.76707,90,189.48265,12.90377,0
SL_0514,514,9.5,38.98,143.654,14.52063,90,189.80875,7.59223,0
SL_0515,515,9.5,36.23,142.654,14.39241,90,220.90913,7.68065,0
SL_0516,516,9.5,38.98,143.404,17.54607,90,189.68239,8.63018,0
SL_0517,517,9.5,36.23,142.404,16.92656,90,219.77457,9.18738,0
SL_0518,518,9.5,38.98,143.154,21.03016,90,189.5778,10.01483,0
SL_0519,519,9.5,36.23,142.154,19.97425,90,218.59882,10.73467,0
SL_0520,520,9.5,38.98,142.904,25.10463,90,189.52193,11.66839,0
SL_0521,521,9.5,36.48,142.904,14.21931,90,211.85086,6.69474,0
SL_0522,522,9.5,36.48,142.654,16.66589,90,211.98065,8.03454,0
SL_0523,523,9.5,36.48,142.404,19.58317,90,211.63747,9.44352,0
SL_0524,524,9.5,38.98,143.904,11.86749,90,190.26591,6.58074,0
SL_0525,525,9.5,36.48,141.154,42.50613,90,204.24889,16.40569,0
SL_0526,526,9.5,38.98,142.654,29.84079,90,189.60849,13.3979,0
SL_0527,527,9.5,38.98,142.404,35.24661,90,189.85526,15.0744,0
SL_0528,528,9.5,36.48,142.154,23.00415,90,211.07396,10.89923,0
SL_0529,529,9.5,39.23,142.904,26.10401,90,190.20694,12.09726,0
SL_0530,530,9.5,36.48,141.904,26.97313,90,209.99481,12.42972,0
SL_0531,531,9.5,39.23,142.654,30.98945,90,190.0632,13.86281,0
SL_0532,532,9.5,36.48,141.654,31.55264,90,208.13445,13.95504,0
SL_0533,533,9.5,36.48,141.404,36.75438,90,205.95924,15.28855,0
SL_0534,534,9.5,36.73,142.404,21.81498,90,205.50771,9.825,0
SL_0535,535,9.5,36.73,142.154,25.54738,90,205.41687,11.21194,0
SL_0536,536,9.5,39.23,143.654,15.20375,90,191.11992,7.81747,0
SL_0537,537,9.5,36.73,141.904,29.79746,90,205.03935,12.61499,0
SL_0538,538,9.5,39.23,143.404,18.30636,90,190.75104,8.93537,0
SL_0539,539,9.5,36.73,141.654,34.58403,90,204.32413,13.9921,0
SL_0540,540,9.5,39.23,143.154,21.89818,90,190.45615,10.39307,0
SL_0541,541,9.5,36.73,143.154,13.458,90,203.76814,6.04266,0
SL_0542,542,9.5,36.73,142.904,15.80615,90,204.84091,7.19318,0
SL_0543,543,9.5,36.73,142.654,18.5773,90,205.35023,8.47453,0
SL_0544,544,9.5,38.23,143.904,10.55857,90,187.20044,5.81857,0
SL_0545,545,9.5,38.23,143.654,12.96246,90,187.91257,6.79505,0
SL_0546,546,9.5,38.23,143.404,15.70297,90,188.68845,7.70033,0
SL_0547,547,9.5,38.23,143.154,18.83642,90,189.25226,8.89437,0
SL_0548,548,9.5,38.23,141.904,42.72254,90,193.08182,16.13147,0
SL_0549,549,9.5,35.73,141.404,25.0004,90,210.51915,15.88557,0
SL_0550,550,9.5,38.23,142.904,22.47781,90,189.7717,10.33205,0
SL_0551,551,9.5,38.23,142.654,26.69008,90,190.41942,11.84666,0
SL_0552,552,9.5,38.23,142.404,31.4817,90,191.22147,13.33631,0
SL_0553,553,9.5,38.23,142.154,36.83411,90,192.1319,14.76275,0
SL_0554,554,9.5,38.48,143.154,19.53439,90,188.90605,9.27698,0
SL_0555,555,9.5,35.73,142.154,13.36892,90,222.86513,8.38274,0
SL_0556,556,9.5,38.48,142.904,23.33,90,189.24536,10.79117,0
SL_0557,557,9.5,35.73,141.904,16.17011,90,218.892,10.44769,0
SL_0558,558,9.5,38.48,142.654,27.72992,90,189.73546,12.38506,0
SL_0559,559,9.5,35.73,141.654,19.97923,90,213.77524,13.28816,0
SL_0560,560,9.5,38.48,142.404,32.74277,90,190.40248,13.94494,0
SL_0561,561,9.5,35.98,142.404,13.94424,90,225.78773,8.48895,0
SL_0562,562,9.5,38.48,143.904,10.92753,90,187.55067,6.08957,0
SL_0563,563,9.5,35.98,142.154,16.54967,90,223.92145,10.1046,0
SL_0564,564,9.5,38.48,143.654,13.42816,90,188.01225,7.08309,0
SL_0565,565,9.5,35.98,141.904,19.78842,90,220.58237,12.06462,0
SL_0566,566,9.5,38.48,143.404,16.27517,90,188.55072,8.02299,0
SL_0567,567,9.5,38.73,143.904,11.35112,90,188.64384,6.34788,0
SL_0568,568,9.5,38.73,143.654,13.93649,90,188.68253,7.35144,0
SL_0569,569,9.5,38.48,142.154,38.34625,90,191.20271,15.42502,0
SL_0570,570,9.5,38.48,141.904,44.50956,90,192.06665,16.82875,0
SL_0571,571,9.5,35.98,141.654,23.95176,90,215.46686,14.4092,0
SL_0572,572,9.5,37.48,142.154,31.79748,90,197.05742,12.83195,0
SL_0573,573,9.5,35.98,141.404,29.16111,90,210.98077,16.30293,0
SL_0574,574,9.5,37.48,141.904,36.84389,90,197.72076,14.13416,0
SL_0575,575,9.5,35.98,141.154,35.05637,90,208.76836,17.09272,0
SL_0576,576,9.5,37.48,141.654,42.37757,90,198.27534,15.42707,0
SL_0577,577,9.5,37.48,143.154,16.53069,90,193.68781,7.60664,0
SL_0578,578,9.5,37.48,142.904,19.61624,90,194.62158,8.84258,0
SL_0579,579,9.5,37.48,142.654,23.18052,90,195.47614,10.1673,0
SL_0580,580,9.5,37.48,142.404,27.24108,90,196.29845,11.50725,0
SL_0581,581,9.5,37.73,143.404,14.52523,90,190.62329,6.99047,0
SL_0582,582,9.5,37.73,143.154,17.36494,90,191.61717,8.06462,0
SL_0583,583,9.5,37.73,142.904,20.65378,90,192.43843,9.35848,0
SL_0584,584,9.5,37.73,142.654,24.44891,90,193.2755,10.73309,0
SL_0585,585,9.5,37.73,143.654,12.03462,90,189.32928,6.16461,0
SL_0586,586,9.5,37.98,143.904,10.2076,90,187.4767,5.54172,0
SL_0587,587,9.5,37.73,142.404,28.76287,90,194.16061,12.10688,0
SL_0588,588,9.5,37.73,142.154,33.58776,90,195.05258,13.44949,0
SL_0589,589,9.5,37.73,141.904,38.91112,90,195.90085,14.76125,0
SL_0590,590,9.5,37.73,141.654,44.72728,90,196.6666,16.06686,0
SL_0591,591,9.5,37.98,142.654,25.60862,90,191.58702,11.29414,0
SL_0592,592,9.5,37.98,142.404,30.1666,90,192.46379,12.71928,0
SL_0593,593,9.5,37.98,142.154,35.2578,90,193.40614,14.09737,0
SL_0594,594,9.5,37.98,141.904,40.86354,90,194.35144,15.4331,0
SL_0595,595,8.686120831,/mnt/data/nragu/Tsunami/Tohoku/gis/dtopo_sift/dtopofil/SL_0595.csv,0,0,0,0,0,1
SL_0596,596,8.686120831,/mnt/data/nragu/Tsunami/Tohoku/gis/dtopo_sift/dtopofil/SL_0596.csv,0,0,0,0,0,1
SL_0597,597,8.686120831,/mnt/data/nragu/Tsunami/Tohoku/gis/dtopo_sift/dtopofil/SL_0597.csv,0,0,0,0,0,1
SL_0598,598,8.686120831,/mnt/data/nragu/Tsunami/Tohoku/gis/dtopo_sift/dtopofil/SL_0598.csv,0,0,0,0,0,1
SL_0599,599,8.686120831,/mnt/data/nragu/Tsunami/Tohoku/gis/dtopo_sift/dtopofil/SL_0599.csv,0,0,0,0,0,1
SL_0600,600,8.686120831,/mnt/data/nragu/Tsunami/Tohoku/gis/dtopo_sift/dtopofil/SL_0600.csv,0,0,0,0,0,1
SL_0601,601,8.686120831,/mnt/data/nragu/Tsunami/Tohoku/gis/dtopo_sift/dtopofil/SL_0601.csv,0,0,0,0,0,1
SL_0602,602,8.686120831,/mnt/data/nragu/Tsunami/Tohoku/gis/dtopo_sift/dtopofil/SL_0602.csv,0,0,0,0,0,1
SL_0603,603,8.686120831,/mnt/data/nragu/Tsunami/Tohoku/gis/dtopo_sift/dtopofil/SL_0603.csv,0,0,0,0,0,1
SL_0604,604,8.686120831,/mnt/data/nragu/Tsunami/Tohoku/gis/dtopo_sift/dtopofil/SL_0604.csv,0,0,0,0,0,1
SL_0605,605,8.686120831,/mnt/data/nragu/Tsunami/Tohoku/gis/dtopo_sift/dtopofil/SL_0605.csv,0,0,0,0,0,1
SL_0606,606,8.686120831,/mnt/data/nragu/Tsunami/Tohoku/gis/dtopo_sift/dtopofil/SL_0606.csv,0,0,0,0,0,1
SL_0607,607,8.686120831,/mnt/data/nragu/Tsunami/Tohoku/gis/dtopo_sift/dtopofil/SL_0607.csv,0,0,0,0,0,1
SL_0608,608,8.686120831,/mnt/data/nragu/Tsunami/Tohoku/gis/dtopo_sift/dtopofil/SL_0608.csv,0,0,0,0,0,1
SL_0609,609,8.686120831,/mnt/data/nragu/Tsunami/Tohoku/gis/dtopo_sift/dtopofil/SL_0609.csv,0,0,0,0,0,1
SL_0610,610,8.686120831,/mnt/data/nragu/Tsunami/Tohoku/gis/dtopo_sift/dtopofil/SL_0610.csv,0,0,0,0,0,1
SL_0611,611,8.686120831,/mnt/data/nragu/Tsunami/Tohoku/gis/dtopo_sift/dtopofil/SL_0611.csv,0,0,0,0,0,1
SL_0612,612,8.686120831,/mnt/data/nragu/Tsunami/Tohoku/gis/dtopo_sift/dtopofil/SL_0612.csv,0,0,0,0,0,1
SL_0613,613,8.686120831,/mnt/data/nragu/Tsunami/Tohoku/gis/dtopo_sift/dtopofil/SL_0613.csv,0,0,0,0,0,1
SL_0614,614,8.686120831,/mnt/data/nragu/Tsunami/Tohoku/gis/dtopo_sift/dtopofil/SL_0614.csv,0,0,0,0,0,1
SL_0615,615,8.686120831,/mnt/data/nragu/Tsunami/Tohoku/gis/dtopo_sift/dtopofil/SL_0615.csv,0,0,0,0,0,1
SL_0616,616,8.686120831,/mnt/data/nragu/Tsunami/Tohoku/gis/dtopo_sift/dtopofil/SL_0616.csv,0,0,0,0,0,1
SL_0617,617,8.686120831,/mnt/data/nragu/Tsunami/Tohoku/gis/dtopo_sift/dtopofil/SL_0617.csv,0,0,0,0,0,1
SL_0618,618,8.686120831,/mnt/data/nragu/Tsunami/Tohoku/gis/dtopo_sift/dtopofil/SL_0618.csv,0,0,0,0,0,1
SL_0619,619,8.686120831,/mnt/data/nragu/Tsunami/Tohoku/gis/dtopo_sift/dtopofil/SL_0619.csv,0,0,0,0,0,1
SL_0620,620,8.686120831,/mnt/data/nragu/Tsunami/Tohoku/gis/dtopo_sift/dtopofil/SL_0620.csv,0,0,0,0,0,1
SL_0621,621,8.686120831,/mnt/data/nragu/Tsunami/Tohoku/gis/dtopo_sift/dtopofil/SL_0621.csv,0,0,0,0,0,1
SL_0622,622,8.686120831,/mnt/data/nragu/Tsunami/Tohoku/gis/dtopo_sift/dtopofil/SL_0622.csv,0,0,0,0,0,1
SL_0623,623,8.686120831,/mnt/data/nragu/Tsunami/Tohoku/gis/dtopo_sift/dtopofil/SL_0623.csv,0,0,0,0,0,1
SL_0624,624,8.686120831,/mnt/data/nragu/Tsunami/Tohoku/gis/dtopo_sift/dtopofil/SL_0624.csv,0,0,0,0,0,1
SL_0625,625,8.686120831,/mnt/data/nragu/Tsunami/Tohoku/gis/dtopo_sift/dtopofil/SL_0625.csv,0,0,0,0,0,1
SL_0626,626,8.686120831,/mnt/data/nragu/Tsunami/Tohoku/gis/dtopo_sift/dtopofil/SL_0626.csv,0,0,0,0,0,1
SL_0627,627,8.686120831,/mnt/data/nragu/Tsunami/Tohoku/gis/dtopo_sift/dtopofil/SL_0627.csv,0,0,0,0,0,1
SL_0628,628,8.686120831,/mnt/data/nragu/Tsunami/Tohoku/gis/dtopo_sift/dtopofil/SL_0628.csv,0,0,0,0,0,1
SL_0629,629,8.686120831,/mnt/data/nragu/Tsunami/Tohoku/gis/dtopo_sift/dtopofil/SL_0629.csv,0,0,0,0,0,1
SL_0630,630,8.686120831,/mnt/data/nragu/Tsunami/Tohoku/gis/dtopo_sift/dtopofil/SL_0630.csv,0,0,0,0,0,1
SL_0631,631,8.686120831,/mnt/data/nragu/Tsunami/Tohoku/gis/dtopo_sift/dtopofil/SL_0631.csv,0,0,0,0,0,1
SL_0632,632,8.686120831,/mnt/data/nragu/Tsunami/Tohoku/gis/dtopo_sift/dtopofil/SL_0632.csv,0,0,0,0,0,1
SL_0633,633,8.686120831,/mnt/data/nragu/Tsunami/Tohoku/gis/dtopo_sift/dtopofil/SL_0633.csv,0,0,0,0,0,1
SL_0634,634,8.686120831,/mnt/data/nragu/Tsunami/Tohoku/gis/dtopo_sift/dtopofil/SL_0634.csv,0,0,0,0,0,1
SL_0635,635,8.686120831,/mnt/data/nragu/Tsunami/Tohoku/gis/dtopo_sift/dtopofil/SL_0635.csv,0,0,0,0,0,1
SL_0636,636,8.686120831,/mnt/data/nragu/Tsunami/Tohoku/gis/dtopo_sift/dtopofil/SL_0636.csv,0,0,0,0,0,1
SL_0637,637,8.769413322,/mnt/data/nragu/Tsunami/Tohoku/gis/dtopo_sift/dtopofil/SL_0637.csv,0,0,0,0,0,1
SL_0638,638,8.769413322,/mnt/data/nragu/Tsunami/Tohoku/gis/dtopo_sift/dtopofil/SL_0638.csv,0,0,0,0,0,1
SL_0639,639,8.769413322,/mnt/data/nragu/Tsunami/Tohoku/gis/dtopo_sift/dtopofil/SL_0639.csv,0,0,0,0,0,1
SL_0640,640,8.769413322,/mnt/data/nragu/Tsunami/Tohoku/gis/dtopo_sift/dtopofil/SL_0640.csv,0,0,0,0,0,1
SL_0641,641,8.769413322,/mnt/data/nragu/Tsunami/Tohoku/gis/dtopo_sift/dtopofil/SL_0641.csv,0,0,0,0,0,1
SL_0642,642,8.769413322,/mnt/data/nragu/Tsunami/Tohoku/gis/dtopo_sift/dtopofil/SL_0642.csv,0,0,0,0,0,1
SL_0643,643,8.769413322,/mnt/data/nragu/Tsunami/Tohoku/gis/dtopo_sift/dtopofil/SL_0643.csv,0,0,0,0,0,1
SL_0644,644,8.769413322,/mnt/data/nragu/Tsunami/Tohoku/gis/dtopo_sift/dtopofil/SL_0644.csv,0,0,0,0,0,1
SL_0645,645,8.769413322,/mnt/data/nragu/Tsunami/Tohoku/gis/dtopo_sift/dtopofil/SL_0645.csv,0,0,0,0,0,1
SL_0646,646,8.769413322,/mnt/data/nragu/Tsunami/Tohoku/gis/dtopo_sift/dtopofil/SL_0646.csv,0,0,0,0,0,1
SL_0647,647,8.769413322,/mnt/data/nragu/Tsunami/Tohoku/gis/dtopo_sift/dtopofil/SL_0647.csv,0,0,0,0,0,1
SL_0648,648,8.769413322,/mnt/data/nragu/Tsunami/Tohoku/gis/dtopo_sift/dtopofil/SL_0648.csv,0,0,0,0,0,1
SL_0649,649,8.769413322,/mnt/data/nragu/Tsunami/Tohoku/gis/dtopo_sift/dtopofil/SL_0649.csv,0,0,0,0,0,1
SL_0650,650,8.769413322,/mnt/data/nragu/Tsunami/Tohoku/gis/dtopo_sift/dtopofil/SL_0650.csv,0,0,0,0,0,1
SL_0651,651,8.769413322,/mnt/data/nragu/Tsunami/Tohoku/gis/dtopo_sift/dtopofil/SL_0651.csv,0,0,0,0,0,1
SL_0652,652,8.769413322,/mnt/data/nragu/Tsunami/Tohoku/gis/dtopo_sift/dtopofil/SL_0652.csv,0,0,0,0,0,1
SL_0653,653,8.769413322,/mnt/data/nragu/Tsunami/Tohoku/gis/dtopo_sift/dtopofil/SL_0653.csv,0,0,0,0,0,1
SL_0654,654,8.769413322,/mnt/data/nragu/Tsunami/Tohoku/gis/dtopo_sift/dtopofil/SL_0654.csv,0,0,0,0,0,1
SL_0655,655,8.769413322,/mnt/data/nragu/Tsunami/Tohoku/gis/dtopo_sift/dtopofil/SL_0655.csv,0,0,0,0,0,1
SL_0656,656,8.769413322,/mnt/data/nragu/Tsunami/Tohoku/gis/dtopo_sift/dtopofil/SL_0656.csv,0,0,0,0,0,1
SL_0657,657,8.769413322,/mnt/data/nragu/Tsunami/Tohoku/gis/dtopo_sift/dtopofil/SL_0657.csv,0,0,0,0,0,1
SL_0658,658,8.769413322,/mnt/data/nragu/Tsunami/Tohoku/gis/dtopo_sift/dtopofil/SL_0658.csv,0,0,0,0,0,1
SL_0659,659,8.769413322,/mnt/data/nragu/Tsunami/Tohoku/gis/dtopo_sift/dtopofil/SL_0659.csv,0,0,0,0,0,1
SL_0660,660,8.769413322,/mnt/data/nragu/Tsunami/Tohoku/gis/dtopo_sift/dtopofil/SL_0660.csv,0,0,0,0,0,1
SL_0661,661,8.769413322,/mnt/data/nragu/Tsunami/Tohoku/gis/dtopo_sift/dtopofil/SL_0661.csv,0,0,0,0,0,1
SL_0662,662,8.769413322,/mnt/data/nragu/Tsunami/Tohoku/gis/dtopo_sift/dtopofil/SL_0662.csv,0,0,0,0,0,1
SL_0663,663,8.769413322,/mnt/data/nragu/Tsunami/Tohoku/gis/dtopo_sift/dtopofil/SL_0663.csv,0,0,0,0,0,1
SL_0664,664,8.769413322,/mnt/data/nragu/Tsunami/Tohoku/gis/dtopo_sift/dtopofil/SL_0664.csv,0,0,0,0,0,1
SL_0665,665,8.769413322,/mnt/data/nragu/Tsunami/Tohoku/gis/dtopo_sift/dtopofil/SL_0665.csv,0,0,0,0,0,1
SL_0666,666,8.769413322,/mnt/data/nragu/Tsunami/Tohoku/gis/dtopo_sift/dtopofil/SL_0666.csv,0,0,0,0,0,1
SL_0667,667,8.769413322,/mnt/data/nragu/Tsunami/Tohoku/gis/dtopo_sift/dtopofil/SL_0667.csv,0,0,0,0,0,1
SL_0668,668,8.769413322,/mnt/data/nragu/Tsunami/Tohoku/gis/dtopo_sift/dtopofil/SL_0668.csv,0,0,0,0,0,1
SL_0669,669,8.769413322,/mnt/data/nragu/Tsunami/Tohoku/gis/dtopo_sift/dtopofil/SL_0669.csv,0,0,0,0,0,1
SL_0670,670,8.769413322,/mnt/data/nragu/Tsunami/Tohoku/gis/dtopo_sift/dtopofil/SL_0670.csv,0,0,0,0,0,1
SL_0671,671,8.769413322,/mnt/data/nragu/Tsunami/Tohoku/gis/dtopo_sift/dtopofil/SL_0671.csv,0,0,0,0,0,1
SL_0672,672,8.769413322,/mnt/data/nragu/Tsunami/Tohoku/gis/dtopo_sift/dtopofil/SL_0672.csv,0,0,0,0,0,1
SL_0673,673,8.769413322,/mnt/data/nragu/Tsunami/Tohoku/gis/dtopo_sift/dtopofil/SL_0673.csv,0,0,0,0,0,1
SL_0674,674,8.769413322,/mnt/data/nragu/Tsunami/Tohoku/gis/dtopo_sift/dtopofil/SL_0674.csv,0,0,0,0,0,1
SL_0675,675,8.769413322,/mnt/data/nragu/Tsunami/Tohoku/gis/dtopo_sift/dtopofil/SL_0675.csv,0,0,0,0,0,1
SL_0676,676,8.769413322,/mnt/data/nragu/Tsunami/Tohoku/gis/dtopo_sift/dtopofil/SL_0676.csv,0,0,0,0,0,1
SL_0677,677,8.886807494,/mnt/data/nragu/Tsunami/Tohoku/gis/dtopo_sift/dtopofil/SL_0677.csv,0,0,0,0,0,1
SL_0678,678,8.886807494,/mnt/data/nragu/Tsunami/Tohoku/gis/dtopo_sift/dtopofil/SL_0678.csv,0,0,0,0,0,1
SL_0679,679,8.886807494,/mnt/data/nragu/Tsunami/Tohoku/gis/dtopo_sift/dtopofil/SL_0679.csv,0,0,0,0,0,1
SL_0680,680,8.886807494,/mnt/data/nragu/Tsunami/Tohoku/gis/dtopo_sift/dtopofil/SL_0680.csv,0,0,0,0,0,1
SL_0681,681,8.886807494,/mnt/data/nragu/Tsunami/Tohoku/gis/dtopo_sift/dtopofil/SL_0681.csv,0,0,0,0,0,1
SL_0682,682,8.886807494,/mnt/data/nragu/Tsunami/Tohoku/gis/dtopo_sift/dtopofil/SL_0682.csv,0,0,0,0,0,1
SL_0683,683,8.886807494,/mnt/data/nragu/Tsunami/Tohoku/gis/dtopo_sift/dtopofil/SL_0683.csv,0,0,0,0,0,1
SL_0684,684,8.886807494,/mnt/data/nragu/Tsunami/Tohoku/gis/dtopo_sift/dtopofil/SL_0684.csv,0,0,0,0,0,1
SL_0685,685,8.886807494,/mnt/data/nragu/Tsunami/Tohoku/gis/dtopo_sift/dtopofil/SL_0685.csv,0,0,0,0,0,1
SL_0686,686,8.886807494,/mnt/data/nragu/Tsunami/Tohoku/gis/dtopo_sift/dtopofil/SL_0686.csv,0,0,0,0,0,1
SL_0687,687,8.886807494,/mnt/data/nragu/Tsunami/Tohoku/gis/dtopo_sift/dtopofil/SL_0687.csv,0,0,0,0,0,1
SL_0688,688,8.886807494,/mnt/data/nragu/Tsunami/Tohoku/gis/dtopo_sift/dtopofil/SL_0688.csv,0,0,0,0,0,1
SL_0689,689,8.886807494,/mnt/data/nragu/Tsunami/Tohoku/gis/dtopo_sift/dtopofil/SL_0689.csv,0,0,0,0,0,1
SL_0690,690,8.886807494,/mnt/data/nragu/Tsunami/Tohoku/gis/dtopo_sift/dtopofil/SL_0690.csv,0,0,0,0,0,1
SL_0691,691,8.886807494,/mnt/data/nragu/Tsunami/Tohoku/gis/dtopo_sift/dtopofil/SL_0691.csv,0,0,0,0,0,1
SL_0692,692,8.886807494,/mnt/data/nragu/Tsunami/Tohoku/gis/dtopo_sift/dtopofil/SL_0692.csv,0,0,0,0,0,1
SL_0693,693,8.886807494,/mnt/data/nragu/Tsunami/Tohoku/gis/dtopo_sift/dtopofil/SL_0693.csv,0,0,0,0,0,1
SL_0694,694,8.886807494,/mnt/data/nragu/Tsunami/Tohoku/gis/dtopo_sift/dtopofil/SL_0694.csv,0,0,0,0,0,1
SL_0695,695,8.886807494,/mnt/data/nragu/Tsunami/Tohoku/gis/dtopo_sift/dtopofil/SL_0695.csv,0,0,0,0,0,1
SL_0696,696,8.886807494,/mnt/data/nragu/Tsunami/Tohoku/gis/dtopo_sift/dtopofil/SL_0696.csv,0,0,0,0,0,1
SL_0697,697,8.886807494,/mnt/data/nragu/Tsunami/Tohoku/gis/dtopo_sift/dtopofil/SL_0697.csv,0,0,0,0,0,1
SL_0698,698,8.886807494,/mnt/data/nragu/Tsunami/Tohoku/gis/dtopo_sift/dtopofil/SL_0698.csv,0,0,0,0,0,1
SL_0699,699,8.886807494,/mnt/data/nragu/Tsunami/Tohoku/gis/dtopo_sift/dtopofil/SL_0699.csv,0,0,0,0,0,1
SL_0700,700,8.886807494,/mnt/data/nragu/Tsunami/Tohoku/gis/dtopo_sift/dtopofil/SL_0700.csv,0,0,0,0,0,1
SL_0701,701,8.886807494,/mnt/data/nragu/Tsunami/Tohoku/gis/dtopo_sift/dtopofil/SL_0701.csv,0,0,0,0,0,1
SL_0702,702,8.886807494,/mnt/data/nragu/Tsunami/Tohoku/gis/dtopo_sift/dtopofil/SL_0702.csv,0,0,0,0,0,1
SL_0703,703,8.886807494,/mnt/data/nragu/Tsunami/Tohoku/gis/dtopo_sift/dtopofil/SL_0703.csv,0,0,0,0,0,1
SL_0704,704,8.886807494,/mnt/data/nragu/Tsunami/Tohoku/gis/dtopo_sift/dtopofil/SL_0704.csv,0,0,0,0,0,1
SL_0705,705,8.886807494,/mnt/data/nragu/Tsunami/Tohoku/gis/dtopo_sift/dtopofil/SL_0705.csv,0,0,0,0,0,1
SL_0706,706,8.886807494,/mnt/data/nragu/Tsunami/Tohoku/gis/dtopo_sift/dtopofil/SL_0706.csv,0,0,0,0,0,1
SL_0707,707,8.886807494,/mnt/data/nragu/Tsunami/Tohoku/gis/dtopo_sift/dtopofil/SL_0707.csv,0,0,0,0,0,1
SL_0708,708,8.886807494,/mnt/data/nragu/Tsunami/Tohoku/gis/dtopo_sift/dtopofil/SL_0708.csv,0,0,0,0,0,1
SL_0709,709,8.886807494,/mnt/data/nragu/Tsunami/Tohoku/gis/dtopo_sift/dtopofil/SL_0709.csv,0,0,0,0,0,1
SL_0710,710,8.886807494,/mnt/data/nragu/Tsunami/Tohoku/gis/dtopo_sift/dtopofil/SL_0710.csv,0,0,0,0,0,1
SL_0711,711,8.886807494,/mnt/data/nragu/Tsunami/Tohoku/gis/dtopo_sift/dtopofil/SL_0711.csv,0,0,0,0,0,1
SL_0712,712,8.886807494,/mnt/data/nragu/Tsunami/Tohoku/gis/dtopo_sift/dtopofil/SL_0712.csv,0,0,0,0,0,1
SL_0713,713,8.886807494,/mnt/data/nragu/Tsunami/Tohoku/gis/dtopo_sift/dtopofil/SL_0713.csv,0,0,0,0,0,1
SL_0714,714,8.886807494,/mnt/data/nragu/Tsunami/Tohoku/gis/dtopo_sift/dtopofil/SL_0714.csv,0,0,0,0,0,1
SL_0715,715,8.886807494,/mnt/data/nragu/Tsunami/Tohoku/gis/dtopo_sift/dtopofil/SL_0715.csv,0,0,0,0,0,1
SL_0716,716,8.886807494,/mnt/data/nragu/Tsunami/Tohoku/gis/dtopo_sift/dtopofil/SL_0716.csv,0,0,0,0,0,1
SL_0717,717,8.95141417,/mnt/data/nragu/Tsunami/Tohoku/gis/dtopo_sift/dtopofil/SL_0717.csv,0,0,0,0,0,1
SL_0718,718,8.95141417,/mnt/data/nragu/Tsunami/Tohoku/gis/dtopo_sift/dtopofil/SL_0718.csv,0,0,0,0,0,1
SL_0719,719,8.95141417,/mnt/data/nragu/Tsunami/Tohoku/gis/dtopo_sift/dtopofil/SL_0719.csv,0,0,0,0,0,1
SL_0720,720,8.95141417,/mnt/data/nragu/Tsunami/Tohoku/gis/dtopo_sift/dtopofil/SL_0720.csv,0,0,0,0,0,1
SL_0721,721,8.95141417,/mnt/data/nragu/Tsunami/Tohoku/gis/dtopo_sift/dtopofil/SL_0721.csv,0,0,0,0,0,1
SL_0722,722,8.95141417,/mnt/data/nragu/Tsunami/Tohoku/gis/dtopo_sift/dtopofil/SL_0722.csv,0,0,0,0,0,1
SL_0723,723,8.95141417,/mnt/data/nragu/Tsunami/Tohoku/gis/dtopo_sift/dtopofil/SL_0723.csv,0,0,0,0,0,1
SL_0724,724,8.95141417,/mnt/data/nragu/Tsunami/Tohoku/gis/dtopo_sift/dtopofil/SL_0724.csv,0,0,0,0,0,1
SL_0725,725,8.95141417,/mnt/data/nragu/Tsunami/Tohoku/gis/dtopo_sift/dtopofil/SL_0725.csv,0,0,0,0,0,1
SL_0726,726,8.95141417,/mnt/data/nragu/Tsunami/Tohoku/gis/dtopo_sift/dtopofil/SL_0726.csv,0,0,0,0,0,1
SL_0727,727,8.95141417,/mnt/data/nragu/Tsunami/Tohoku/gis/dtopo_sift/dtopofil/SL_0727.csv,0,0,0,0,0,1
SL_0728,728,8.95141417,/mnt/data/nragu/Tsunami/Tohoku/gis/dtopo_sift/dtopofil/SL_0728.csv,0,0,0,0,0,1
SL_0729,729,8.95141417,/mnt/data/nragu/Tsunami/Tohoku/gis/dtopo_sift/dtopofil/SL_0729.csv,0,0,0,0,0,1
SL_0730,730,8.95141417,/mnt/data/nragu/Tsunami/Tohoku/gis/dtopo_sift/dtopofil/SL_0730.csv,0,0,0,0,0,1
SL_0731,731,8.95141417,/mnt/data/nragu/Tsunami/Tohoku/gis/dtopo_sift/dtopofil/SL_0731.csv,0,0,0,0,0,1
SL_0732,732,8.95141417,/mnt/data/nragu/Tsunami/Tohoku/gis/dtopo_sift/dtopofil/SL_0732.csv,0,0,0,0,0,1
SL_0733,733,8.95141417,/mnt/data/nragu/Tsunami/Tohoku/gis/dtopo_sift/dtopofil/SL_0733.csv,0,0,0,0,0,1
SL_0734,734,8.95141417,/mnt/data/nragu/Tsunami/Tohoku/gis/dtopo_sift/dtopofil/SL_0734.csv,0,0,0,0,0,1
SL_0735,735,8.95141417,/mnt/data/nragu/Tsunami/Tohoku/gis/dtopo_sift/dtopofil/SL_0735.csv,0,0,0,0,0,1
SL_0736,736,8.95141417,/mnt/data/nragu/Tsunami/Tohoku/gis/dtopo_sift/dtopofil/SL_0736.csv,0,0,0,0,0,1
SL_0737,737,8.95141417,/mnt/data/nragu/Tsunami/Tohoku/gis/dtopo_sift/dtopofil/SL_0737.csv,0,0,0,0,0,1
SL_0738,738,8.95141417,/mnt/data/nragu/Tsunami/Tohoku/gis/dtopo_sift/dtopofil/SL_0738.csv,0,0,0,0,0,1
SL_0739,739,8.95141417,/mnt/data/nragu/Tsunami/Tohoku/gis/dtopo_sift/dtopofil/SL_0739.csv,0,0,0,0,0,1
SL_0740,740,8.95141417,/mnt/data/nragu/Tsunami/Tohoku/gis/dtopo_sift/dtopofil/SL_0740.csv,0,0,0,0,0,1
SL_0741,741,8.95141417,/mnt/data/nragu/Tsunami/Tohoku/gis/dtopo_sift/dtopofil/SL_0741.csv,0,0,0,0,0,1
SL_0742,742,8.95141417,/mnt/data/nragu/Tsunami/Tohoku/gis/dtopo_sift/dtopofil/SL_0742.csv,0,0,0,0,0,1
SL_0743,743,8.95141417,/mnt/data/nragu/Tsunami/Tohoku/gis/dtopo_sift/dtopofil/SL_0743.csv,0,0,0,0,0,1
SL_0744,744,8.95141417,/mnt/data/nragu/Tsunami/Tohoku/gis/dtopo_sift/dtopofil/SL_0744.csv,0,0,0,0,0,1
SL_0745,745,8.95141417,/mnt/data/nragu/Tsunami/Tohoku/gis/dtopo_sift/dtopofil/SL_0745.csv,0,0,0,0,0,1
SL_0746,746,8.95141417,/mnt/data/nragu/Tsunami/Tohoku/gis/dtopo_sift/dtopofil/SL_0746.csv,0,0,0,0,0,1
SL_0747,747,9.004201667,/mnt/data/nragu/Tsunami/Tohoku/gis/dtopo_sift/dtopofil/SL_0747.csv,0,0,0,0,0,1
SL_0748,748,9.004201667,/mnt/data/nragu/Tsunami/Tohoku/gis/dtopo_sift/dtopofil/SL_0748.csv,0,0,0,0,0,1
SL_0749,749,9.004201667,/mnt/data/nragu/Tsunami/Tohoku/gis/dtopo_sift/dtopofil/SL_0749.csv,0,0,0,0,0,1
SL_0750,750,9.004201667,/mnt/data/nragu/Tsunami/Tohoku/gis/dtopo_sift/dtopofil/SL_0750.csv,0,0,0,0,0,1
SL_0751,751,9.004201667,/mnt/data/nragu/Tsunami/Tohoku/gis/dtopo_sift/dtopofil/SL_0751.csv,0,0,0,0,0,1
SL_0752,752,9.004201667,/mnt/data/nragu/Tsunami/Tohoku/gis/dtopo_sift/dtopofil/SL_0752.csv,0,0,0,0,0,1
SL_0753,753,9.004201667,/mnt/data/nragu/Tsunami/Tohoku/gis/dtopo_sift/dtopofil/SL_0753.csv,0,0,0,0,0,1
SL_0754,754,9.004201667,/mnt/data/nragu/Tsunami/Tohoku/gis/dtopo_sift/dtopofil/SL_0754.csv,0,0,0,0,0,1
SL_0755,755,9.004201667,/mnt/data/nragu/Tsunami/Tohoku/gis/dtopo_sift/dtopofil/SL_0755.csv,0,0,0,0,0,1
SL_0756,756,9.004201667,/mnt/data/nragu/Tsunami/Tohoku/gis/dtopo_sift/dtopofil/SL_0756.csv,0,0,0,0,0,1
SL_0757,757,9.004201667,/mnt/data/nragu/Tsunami/Tohoku/gis/dtopo_sift/dtopofil/SL_0757.csv,0,0,0,0,0,1
SL_0758,758,9.004201667,/mnt/data/nragu/Tsunami/Tohoku/gis/dtopo_sift/dtopofil/SL_0758.csv,0,0,0,0,0,1
SL_0759,759,9.087494158,/mnt/data/nragu/Tsunami/Tohoku/gis/dtopo_sift/dtopofil/SL_0759.csv,0,0,0,0,0,1
SL_0760,760,9.087494158,/mnt/data/nragu/Tsunami/Tohoku/gis/dtopo_sift/dtopofil/SL_0760.csv,0,0,0,0,0,1
SL_0761,761,9.087494158,/mnt/data/nragu/Tsunami/Tohoku/gis/dtopo_sift/dtopofil/SL_0761.csv,0,0,0,0,0,1
SL_0762,762,9.087494158,/mnt/data/nragu/Tsunami/Tohoku/gis/dtopo_sift/dtopofil/SL_0762.csv,0,0,0,0,0,1
SL_0763,763,9.087494158,/mnt/data/nragu/Tsunami/Tohoku/gis/dtopo_sift/dtopofil/SL_0763.csv,0,0,0,0,0,1
SL_0764,764,9.087494158,/mnt/data/nragu/Tsunami/Tohoku/gis/dtopo_sift/dtopofil/SL_0764.csv,0,0,0,0,0,1
SL_0765,765,9.087494158,/mnt/data/nragu/Tsunami/Tohoku/gis/dtopo_sift/dtopofil/SL_0765.csv,0,0,0,0,0,1
SL_0766,766,9.087494158,/mnt/data/nragu/Tsunami/Tohoku/gis/dtopo_sift/dtopofil/SL_0766.csv,0,0,0,0,0,1
SL_0767,767,9.087494158,/mnt/data/nragu/Tsunami/Tohoku/gis/dtopo_sift/dtopofil/SL_0767.csv,0,0,0,0,0,1
SL_0768,768,9.087494158,/mnt/data/nragu/Tsunami/Tohoku/gis/dtopo_sift/dtopofil/SL_0768.csv,0,0,0,0,0,1
SL_0769,769,9.087494158,/mnt/data/nragu/Tsunami/Tohoku/gis/dtopo_sift/dtopofil/SL_0769.csv,0,0,0,0,0,1
SL_0770,770,9.087494158,/mnt/data/nragu/Tsunami/Tohoku/gis/dtopo_sift/dtopofil/SL_0770.csv,0,0,0,0,0,1
